Workbook

Sheet Read me
A1: Engage — end-to-end test cases (dev store)
A3: Purpose | B3: Manual checks for everything built so far, plus rows for planned features (column 'Available') to run once they exist.
A4: Environment | B4: Dev store wumika-dev.myshopify.com · dev server https://engage-dev.wumika.com · never the live store.
A5: Test customer | B5: marylindajohnson22@gmail.com is the only customer the dev server stores or messages (allowlist).
A6: Device | B6: Android phone with Chrome is the main push device. iPhone Safari cannot receive web push (see OPT-04).
A7: Before a push test | B7: Open the dev store once in the phone's browser after each deploy, so the service worker is up to date (needed for impression/click tracking).
A8: Stock tests | B8: An alert needs a change from 0 to above 0. Set the item to 0 first, tap Notify me, then restock.
A9: How to verify | B9: Column 'How to verify' names a query on the 'Verify queries' sheet (Q1...), or 'Observation'. Ask Claude to run a query read-only, or run it on the server.
A10: What to fill in | B10: Only the yellow columns on 'Test cases': Status, Actual result / notes, Tested by, Date. The Summary sheet updates itself.
A11: Status values | B11: Not run · Pass · Fail · Blocked (cannot run: say why in notes) · Not built yet (feature not implemented).
A13: Example of a filled row
A14: ID | B14: Status | C14: Actual result / notes | D14: Tested by | E14: Date
A15: BIS-01 | B15: Pass | C15: Push 'Back in stock: Elegant Gold Floral Pearl Stud Earrings' arrived in ~20 s; send #3 sent. | D15: Linda | E15: 2026-09-30

Sheet Summary
A1: Summary (updates from the Test cases sheet)
A3: Status | B3: Count
A4: Not run | B4: =COUNTIF('Test cases'!$J$2:$J$55,"Not run")
A5: Pass | B5: =COUNTIF('Test cases'!$J$2:$J$55,"Pass")
A6: Fail | B6: =COUNTIF('Test cases'!$J$2:$J$55,"Fail")
A7: Blocked | B7: =COUNTIF('Test cases'!$J$2:$J$55,"Blocked")
A8: Not built yet | B8: =COUNTIF('Test cases'!$J$2:$J$55,"Not built yet")
A9: Total | B9: =SUM(B4:B8)
A10: Pass rate (of cases run) | B10: =IFERROR(B5/(B5+B6),0) | C10: Pass ÷ (Pass + Fail). Blocked and not-run cases are excluded.
A12: Area | B12: Cases | C12: Pass | D12: Fail | E12: Blocked | F12: Not run | G12: Not built yet
A13: Deployment | B13: =COUNTIF('Test cases'!$B$2:$B$55,A13) | C13: =COUNTIFS('Test cases'!$B$2:$B$55,$A13,'Test cases'!$J$2:$J$55,"Pass") | D13: =COUNTIFS('Test cases'!$B$2:$B$55,$A13,'Test cases'!$J$2:$J$55,"Fail") | E13: =COUNTIFS('Test cases'!$B$2:$B$55,$A13,'Test cases'!$J$2:$J$55,"Blocked") | F13: =COUNTIFS('Test cases'!$B$2:$B$55,$A13,'Test cases'!$J$2:$J$55,"Not run") | G13: =COUNTIFS('Test cases'!$B$2:$B$55,$A13,'Test cases'!$J$2:$J$55,"Not built yet")
A14: Shopify app | B14: =COUNTIF('Test cases'!$B$2:$B$55,A14) | C14: =COUNTIFS('Test cases'!$B$2:$B$55,$A14,'Test cases'!$J$2:$J$55,"Pass") | D14: =COUNTIFS('Test cases'!$B$2:$B$55,$A14,'Test cases'!$J$2:$J$55,"Fail") | E14: =COUNTIFS('Test cases'!$B$2:$B$55,$A14,'Test cases'!$J$2:$J$55,"Blocked") | F14: =COUNTIFS('Test cases'!$B$2:$B$55,$A14,'Test cases'!$J$2:$J$55,"Not run") | G14: =COUNTIFS('Test cases'!$B$2:$B$55,$A14,'Test cases'!$J$2:$J$55,"Not built yet")
A15: Privacy / allowlist | B15: =COUNTIF('Test cases'!$B$2:$B$55,A15) | C15: =COUNTIFS('Test cases'!$B$2:$B$55,$A15,'Test cases'!$J$2:$J$55,"Pass") | D15: =COUNTIFS('Test cases'!$B$2:$B$55,$A15,'Test cases'!$J$2:$J$55,"Fail") | E15: =COUNTIFS('Test cases'!$B$2:$B$55,$A15,'Test cases'!$J$2:$J$55,"Blocked") | F15: =COUNTIFS('Test cases'!$B$2:$B$55,$A15,'Test cases'!$J$2:$J$55,"Not run") | G15: =COUNTIFS('Test cases'!$B$2:$B$55,$A15,'Test cases'!$J$2:$J$55,"Not built yet")
A16: Push opt-in | B16: =COUNTIF('Test cases'!$B$2:$B$55,A16) | C16: =COUNTIFS('Test cases'!$B$2:$B$55,$A16,'Test cases'!$J$2:$J$55,"Pass") | D16: =COUNTIFS('Test cases'!$B$2:$B$55,$A16,'Test cases'!$J$2:$J$55,"Fail") | E16: =COUNTIFS('Test cases'!$B$2:$B$55,$A16,'Test cases'!$J$2:$J$55,"Blocked") | F16: =COUNTIFS('Test cases'!$B$2:$B$55,$A16,'Test cases'!$J$2:$J$55,"Not run") | G16: =COUNTIFS('Test cases'!$B$2:$B$55,$A16,'Test cases'!$J$2:$J$55,"Not built yet")
A17: Notify me button | B17: =COUNTIF('Test cases'!$B$2:$B$55,A17) | C17: =COUNTIFS('Test cases'!$B$2:$B$55,$A17,'Test cases'!$J$2:$J$55,"Pass") | D17: =COUNTIFS('Test cases'!$B$2:$B$55,$A17,'Test cases'!$J$2:$J$55,"Fail") | E17: =COUNTIFS('Test cases'!$B$2:$B$55,$A17,'Test cases'!$J$2:$J$55,"Blocked") | F17: =COUNTIFS('Test cases'!$B$2:$B$55,$A17,'Test cases'!$J$2:$J$55,"Not run") | G17: =COUNTIFS('Test cases'!$B$2:$B$55,$A17,'Test cases'!$J$2:$J$55,"Not built yet")
A18: Inventory | B18: =COUNTIF('Test cases'!$B$2:$B$55,A18) | C18: =COUNTIFS('Test cases'!$B$2:$B$55,$A18,'Test cases'!$J$2:$J$55,"Pass") | D18: =COUNTIFS('Test cases'!$B$2:$B$55,$A18,'Test cases'!$J$2:$J$55,"Fail") | E18: =COUNTIFS('Test cases'!$B$2:$B$55,$A18,'Test cases'!$J$2:$J$55,"Blocked") | F18: =COUNTIFS('Test cases'!$B$2:$B$55,$A18,'Test cases'!$J$2:$J$55,"Not run") | G18: =COUNTIFS('Test cases'!$B$2:$B$55,$A18,'Test cases'!$J$2:$J$55,"Not built yet")
A19: Back in stock | B19: =COUNTIF('Test cases'!$B$2:$B$55,A19) | C19: =COUNTIFS('Test cases'!$B$2:$B$55,$A19,'Test cases'!$J$2:$J$55,"Pass") | D19: =COUNTIFS('Test cases'!$B$2:$B$55,$A19,'Test cases'!$J$2:$J$55,"Fail") | E19: =COUNTIFS('Test cases'!$B$2:$B$55,$A19,'Test cases'!$J$2:$J$55,"Blocked") | F19: =COUNTIFS('Test cases'!$B$2:$B$55,$A19,'Test cases'!$J$2:$J$55,"Not run") | G19: =COUNTIFS('Test cases'!$B$2:$B$55,$A19,'Test cases'!$J$2:$J$55,"Not built yet")
A20: Cart recovery | B20: =COUNTIF('Test cases'!$B$2:$B$55,A20) | C20: =COUNTIFS('Test cases'!$B$2:$B$55,$A20,'Test cases'!$J$2:$J$55,"Pass") | D20: =COUNTIFS('Test cases'!$B$2:$B$55,$A20,'Test cases'!$J$2:$J$55,"Fail") | E20: =COUNTIFS('Test cases'!$B$2:$B$55,$A20,'Test cases'!$J$2:$J$55,"Blocked") | F20: =COUNTIFS('Test cases'!$B$2:$B$55,$A20,'Test cases'!$J$2:$J$55,"Not run") | G20: =COUNTIFS('Test cases'!$B$2:$B$55,$A20,'Test cases'!$J$2:$J$55,"Not built yet")
A21: Click tracking | B21: =COUNTIF('Test cases'!$B$2:$B$55,A21) | C21: =COUNTIFS('Test cases'!$B$2:$B$55,$A21,'Test cases'!$J$2:$J$55,"Pass") | D21: =COUNTIFS('Test cases'!$B$2:$B$55,$A21,'Test cases'!$J$2:$J$55,"Fail") | E21: =COUNTIFS('Test cases'!$B$2:$B$55,$A21,'Test cases'!$J$2:$J$55,"Blocked") | F21: =COUNTIFS('Test cases'!$B$2:$B$55,$A21,'Test cases'!$J$2:$J$55,"Not run") | G21: =COUNTIFS('Test cases'!$B$2:$B$55,$A21,'Test cases'!$J$2:$J$55,"Not built yet")
A22: Policy rules | B22: =COUNTIF('Test cases'!$B$2:$B$55,A22) | C22: =COUNTIFS('Test cases'!$B$2:$B$55,$A22,'Test cases'!$J$2:$J$55,"Pass") | D22: =COUNTIFS('Test cases'!$B$2:$B$55,$A22,'Test cases'!$J$2:$J$55,"Fail") | E22: =COUNTIFS('Test cases'!$B$2:$B$55,$A22,'Test cases'!$J$2:$J$55,"Blocked") | F22: =COUNTIFS('Test cases'!$B$2:$B$55,$A22,'Test cases'!$J$2:$J$55,"Not run") | G22: =COUNTIFS('Test cases'!$B$2:$B$55,$A22,'Test cases'!$J$2:$J$55,"Not built yet")
A23: Resilience | B23: =COUNTIF('Test cases'!$B$2:$B$55,A23) | C23: =COUNTIFS('Test cases'!$B$2:$B$55,$A23,'Test cases'!$J$2:$J$55,"Pass") | D23: =COUNTIFS('Test cases'!$B$2:$B$55,$A23,'Test cases'!$J$2:$J$55,"Fail") | E23: =COUNTIFS('Test cases'!$B$2:$B$55,$A23,'Test cases'!$J$2:$J$55,"Blocked") | F23: =COUNTIFS('Test cases'!$B$2:$B$55,$A23,'Test cases'!$J$2:$J$55,"Not run") | G23: =COUNTIFS('Test cases'!$B$2:$B$55,$A23,'Test cases'!$J$2:$J$55,"Not built yet")
A24: Price drop | B24: =COUNTIF('Test cases'!$B$2:$B$55,A24) | C24: =COUNTIFS('Test cases'!$B$2:$B$55,$A24,'Test cases'!$J$2:$J$55,"Pass") | D24: =COUNTIFS('Test cases'!$B$2:$B$55,$A24,'Test cases'!$J$2:$J$55,"Fail") | E24: =COUNTIFS('Test cases'!$B$2:$B$55,$A24,'Test cases'!$J$2:$J$55,"Blocked") | F24: =COUNTIFS('Test cases'!$B$2:$B$55,$A24,'Test cases'!$J$2:$J$55,"Not run") | G24: =COUNTIFS('Test cases'!$B$2:$B$55,$A24,'Test cases'!$J$2:$J$55,"Not built yet")
... A30: Email | B30: =COUNTIF('Test cases'!$B$2:$B$55,A30) | C30: =COUNTIFS('Test cases'!$B$2:$B$55,$A30,'Test cases'!$J$2:$J$55,"Pass") | D30: =COUNTIFS('Test cases'!$B$2:$B$55,$A30,'Test cases'!$J$2:$J$55,"Fail") | E30: =COUNTIFS('Test cases'!$B$2:$B$55,$A30,'Test cases'!$J$2:$J$55,"Blocked") | F30: =COUNTIFS('Test cases'!$B$2:$B$55,$A30,'Test cases'!$J$2:$J$55,"Not run") | G30: =COUNTIFS('Test cases'!$B$2:$B$55,$A30,'Test cases'!$J$2:$J$55,"Not built yet")
A31: Total | B31: =SUM(B13:B30) | C31: =SUM(C13:C30) | D31: =SUM(D13:D30) | E31: =SUM(E13:E30) | F31: =SUM(F13:F30) | G31: =SUM(G13:G30)

Sheet Test cases
A1: ID | B1: Area | C1: Scenario | D1: Priority | E1: Available | F1: Preconditions | G1: Steps | H1: Expected result | I1: How to verify | J1: Status | K1: Actual result / notes | L1: Tested by | M1: Date
A2: DEP-01 | B2: Deployment | C2: Dev server services are healthy | D2: P1 | E2: Now | F2: Latest `dev` deployed by GitHub Actions. | G2: 1. Open https://engage-dev.wumika.com/health 2. Check the containers on the server. | H2: Health returns {"status":"UP"}. ingest, admin, worker and db all 'running'; worker restart count 0. | I2: Q1 (containers) | J2: Not run
A3: DEP-02 | B3: Deployment | C3: Worker starts with push ready | D3: P1 | E3: Now | F3: Worker deployed. | G3: Read the worker's startup log. | H3: Log shows 'templates: N loaded' and 'worker ready: channels [PUSH]'. | I3: Q2 (worker log) | J3: Not run
A4: DEP-03 | B4: Deployment | C4: All migrations applied | D4: P1 | E4: Now | F4: Worker/ingest deployed. | G4: List Flyway history on the dev database. | H4: V1 to V9 present, every row success = t. | I4: Q3 | J4: Not run
A5: DEP-04 | B5: Deployment | C5: Worker refuses to start without the Firebase key | D5: P3 | E5: Now | F5: Ops test; do only with care. | G5: Temporarily point FIREBASE_SERVICE_ACCOUNT_FILE at a missing path and restart the worker. Restore afterwards. | H5: Worker exits at boot with an error naming FIREBASE_SERVICE_ACCOUNT_FILE; nothing is sent. | I5: Q2 (worker log) | J5: Not run
A6: APP-01 | B6: Shopify app | C6: Dev app holds the needed permissions | D6: P1 | E6: Now | F6: wumikaEngage-dev installed on wumika-dev. | G6: Ask Claude to run the scope check, or open the app in the dev admin. | H6: Scopes include read_customers, read_orders, read_inventory, read_products. | I6: Claude: 'check dev app scopes' | J6: Not run
A7: APP-02 | B7: Shopify app | C7: Webhooks arrive for every subscribed topic | D7: P1 | E7: Now | F7: Some activity on the dev store (cart change, stock change). | G7: Change a cart and a stock level on the dev store. | H7: carts/update and inventory_levels/update rows appear in the inbox, processed on attempt 1, no last_error. | I7: Q4 | J7: Not run
A8: APP-03 | B8: Shopify app | C8: Engage embed and Notify-me block are enabled in the theme | D8: P1 | E8: Now | F8: Theme editor access. | G8: Online Store > Themes > Customize: App embeds shows 'Engage push' ON; product template has 'Engage notify me'. | H8: Both present and saved. | I8: Theme editor | J8: Not run
A9: PRV-01 | B9: Privacy / allowlist | C9: Only the allowlisted test customer is stored | D9: P1 | E9: Now | F9: CUSTOMER_ALLOWLIST_EMAILS = marylindajohnson22@gmail.com on the server. | G9: Sign in as a different customer (or check out as a guest with another email) and add to cart / tap Notify me. | H9: Webhook acknowledged but no customer data stored; notify-me returns 202; no waitlist row for that shopper. | I9: Q4, Q7 | J9: Not run
A10: PRV-02 | B10: Privacy / allowlist | C10: Anonymous visitor cannot join the waitlist | D10: P2 | E10: Now | F10: Signed out. | G10: Open a sold-out product signed out and tap Notify me. | H10: No waitlist row is stored (202 from /notify-me). | I10: Q7 | J10: Not run
A11: OPT-01 | B11: Push opt-in | C11: Soft-ask after add to cart (Android Chrome) | D11: P1 | E11: Now | F11: Signed in as test customer; notifications not yet allowed for the store. | G11: 1. Add any product to cart. 2. Accept the soft-ask. 3. Allow notifications in Chrome. | H11: Soft-ask appears before the browser prompt; after Allow, a device row (active) and a push/marketing consent row exist. | I11: Q5 | J11: Not run
A12: OPT-02 | B12: Push opt-in | C12: Native prompt never appears without the soft-ask | D12: P1 | E12: Now | F12: Fresh browser profile. | G12: Browse several pages without accepting any soft-ask. | H12: Chrome's notification prompt never appears on page load. | I12: Observation | J12: Not run
A13: OPT-03 | B13: Push opt-in | C13: Permission previously denied | D13: P2 | E13: Now | F13: Notifications blocked for the store in Chrome settings. | G13: Add to cart; open a sold-out product. | H13: No soft-ask shown; no console errors; Notify me still saves the waitlist entry. | I13: Browser console, Q7 | J13: Not run
... A55: FUT-07 | B55: Email | C55: Marketing email with one-click unsubscribe | D55: P2 | E55: After P7 | F55: Email consent. | G55: Trigger an email step. | H55: Email received; List-Unsubscribe works. | I55: Q11 | J55: Not built yet

Sheet Verify queries
A1: Server checks (read-only)
A2: SQL runs in the dev database: ssh deploy@46.202.164.251, then cd /opt/wumika && docker compose exec db sh -c 'psql -U $POSTGRES_USER -d $POSTGRES_DB'. Or ask Claude to run the query read-only.
A4: Query | B4: What it shows | C4: Command / SQL
A5: Q1 | B5: Containers and restarts | C5: cd /opt/wumika && docker compose ps docker inspect -f '{{.RestartCount}}' $(docker compose ps -q worker)
A6: Q2 | B6: Worker log (startup and errors) | C6: cd /opt/wumika && docker compose logs --tail 100 worker | grep -E 'worker ready|templates:|ERROR|WARN'
A7: Q3 | B7: Migrations | C7: SELECT version, description, success FROM flyway_schema_history ORDER BY installed_rank;
A8: Q4 | B8: Webhook inbox (latest) | C8: SELECT topic, attempts, processed_at IS NOT NULL AS done, last_error, received_at FROM webhook_inbox ORDER BY received_at DESC LIMIT 20;
A9: Q5 | B9: Devices and push consent | C9: SELECT id, platform, browser, active, deactivated_reason, last_refreshed_at FROM devices ORDER BY id DESC LIMIT 10; SELECT channel, purpose, state, source, occurred_at FROM consents ORDER BY id DESC LIMIT 10;
A10: Q6 | B10: Stock events | C10: SELECT id, name, props->>'product_title' AS product, props->>'quantity' AS qty, occurred_at FROM events WHERE name LIKE 'variant_%' ORDER BY id DESC LIMIT 10;
A11: Q7 | B11: Waitlist | C11: SELECT variant_id, product_handle, size_label, created_at, notified_at FROM stock_waitlist ORDER BY created_at DESC LIMIT 10;
A12: Q8 | B12: Storefront prompt funnel | C12: SELECT surface, step, platform, created_at FROM push_prompt_events ORDER BY id DESC LIMIT 20;
A13: Q9 | B13: Current stock the system knows | C13: SELECT product_title, variant_title, available, updated_at FROM inventory_state ORDER BY updated_at DESC LIMIT 10;
A14: Q10 | B14: Cascade runs | C14: SELECT id, intent_key, subject_key, status, outcome, next_step_at, created_at FROM cascade_runs ORDER BY id DESC LIMIT 10;
A15: Q11 | B15: Sends (every attempt, incl. blocked and deferred) | C15: SELECT id, template_key, status, decision->>'reason' AS reason, failed_reason, delivered_count, sent_at, delivered_at, clicked_at FROM sends ORDER BY id DESC LIMIT 10;
A16: Q12 | B16: Click events | C16: SELECT id, props->>'send_id' AS send_id, props->>'cascade_run_id' AS run, occurred_at FROM events WHERE name = 'push_clicked' ORDER BY id DESC LIMIT 10;

Sheet Automated tests
A1: Automated coverage (runs on every build: ./gradlew build)
A3: Module | B3: What it checks | C3: Test classes
A4: core-domain | B4: Money, phones, signatures, beacon signing | C4: BeaconSignatureTest, PaiseTest, ...
A5: policy | B5: Every policy rule: consent, quiet hours, caps, budget, holdouts, kill switches, config snapshots | C5: PolicyEngineTest (33)
A6: channels | B6: FCM adapter: batching, dead-token pruning, payload limit | C6: FcmAdapterTest (13), FcmTokenPrunerTest
A7: orchestrator | B7: Templates and lint, router transactions, deferrals, dedupe, UTMs | C7: TemplateLinterTest, MessageRouterTest, DefaultOrchestratorTest, UtmTest
A8: worker | B8: Event dispatch exactly-once, cart recovery, back in stock, click signal, architecture rules | C8: EventDispatcherTest, CartRecoveryTest, BackInStockTest, ArchitectureTest
A9: ingest-api | B9: Webhooks, storefront endpoints, inventory, click beacons, Admin API client | C9: WebhookFlowTest, StorefrontSubscriberTest, InventoryRestockTest, PushEngagementTest, ShopifyAdminClientTest
A11: Database tests need config/local.env (TEST_DB_NAME); CI runs the unit tests only.
